{"cameraMode":{"drawMode":0,"name":"Shaded","section":"Shading Mode"},"sceneLighting":false,"audioPlay":false,"sceneViewState":{"showFog":true,"showMaterialUpdate":false,"showSkybox":false,"showFlares":true,"showImageEffects":true,"showParticleSystems":true},"in2DMode":false,"pivot":{"x":-15.172663688659668,"y":5.169547080993652,"z":79.02999877929688},"rotation":{"x":-0.013685137033462525,"y":0.9076523184776306,"z":-0.029692677780985833,"w":-0.41846784949302676},"size":21.234336853027345,"orthographic":false}